{
    "name": "root",
    "gauges": {
        "Hummingbird.Policy.Entropy.mean": {
            "value": 1.4199773073196411,
            "min": 1.4189382791519165,
            "max": 1.4199773073196411,
            "count": 4
        },
        "Hummingbird.Policy.Entropy.sum": {
            "value": 13995.296875,
            "min": 13995.296875,
            "max": 14266.869140625,
            "count": 4
        },
        "Hummingbird.Step.mean": {
            "value": 39896.0,
            "min": 9920.0,
            "max": 39896.0,
            "count": 4
        },
        "Hummingbird.Step.sum": {
            "value": 39896.0,
            "min": 9920.0,
            "max": 39896.0,
            "count": 4
        },
        "Hummingbird.Policy.ExtrinsicValueEstimate.mean": {
            "value": -0.010536707937717438,
            "min": -0.1182941198348999,
            "max": -0.010536707937717438,
            "count": 4
        },
        "Hummingbird.Policy.ExtrinsicValueEstimate.sum": {
            "value": -0.8534733057022095,
            "min": -9.463529586791992,
            "max": -0.8534733057022095,
            "count": 4
        },
        "Hummingbird.Environment.EpisodeLength.mean": {
            "value": 999.0,
            "min": 999.0,
            "max": 999.0,
            "count": 4
        },
        "Hummingbird.Environment.EpisodeLength.sum": {
            "value": 15984.0,
            "min": 7992.0,
            "max": 15984.0,
            "count": 4
        },
        "Hummingbird.Environment.CumulativeReward.mean": {
            "value": -1.0333333333333334,
            "min": -1.0333333333333334,
            "max": 0.0,
            "count": 4
        },
        "Hummingbird.Environment.CumulativeReward.sum": {
            "value": -15.5,
            "min": -15.5,
            "max": 0.0,
            "count": 4
        },
        "Hummingbird.Policy.ExtrinsicReward.mean": {
            "value": -1.0333333333333334,
            "min": -1.0333333333333334,
            "max": 0.0,
            "count": 4
        },
        "Hummingbird.Policy.ExtrinsicReward.sum": {
            "value": -15.5,
            "min": -15.5,
            "max": 0.0,
            "count": 4
        },
        "Hummingbird.IsTraining.mean": {
            "value": 1.0,
            "min": 1.0,
            "max": 1.0,
            "count": 4
        },
        "Hummingbird.IsTraining.sum": {
            "value": 1.0,
            "min": 1.0,
            "max": 1.0,
            "count": 4
        },
        "Hummingbird.Losses.PolicyLoss.mean": {
            "value": 0.014633343582196782,
            "min": 0.014633343582196782,
            "max": 0.014633343582196782,
            "count": 1
        },
        "Hummingbird.Losses.PolicyLoss.sum": {
            "value": 0.014633343582196782,
            "min": 0.014633343582196782,
            "max": 0.014633343582196782,
            "count": 1
        },
        "Hummingbird.Losses.ValueLoss.mean": {
            "value": 0.005356719127545754,
            "min": 0.005356719127545754,
            "max": 0.005356719127545754,
            "count": 1
        },
        "Hummingbird.Losses.ValueLoss.sum": {
            "value": 0.005356719127545754,
            "min": 0.005356719127545754,
            "max": 0.005356719127545754,
            "count": 1
        },
        "Hummingbird.Policy.LearningRate.mean": {
            "value": 0.0002987328004223999,
            "min": 0.0002987328004223999,
            "max": 0.0002987328004223999,
            "count": 1
        },
        "Hummingbird.Policy.LearningRate.sum": {
            "value": 0.0002987328004223999,
            "min": 0.0002987328004223999,
            "max": 0.0002987328004223999,
            "count": 1
        },
        "Hummingbird.Policy.Epsilon.mean": {
            "value": 0.19957759999999994,
            "min": 0.19957759999999994,
            "max": 0.19957759999999994,
            "count": 1
        },
        "Hummingbird.Policy.Epsilon.sum": {
            "value": 0.19957759999999994,
            "min": 0.19957759999999994,
            "max": 0.19957759999999994,
            "count": 1
        },
        "Hummingbird.Policy.Beta.mean": {
            "value": 0.004978922239999999,
            "min": 0.004978922239999999,
            "max": 0.004978922239999999,
            "count": 1
        },
        "Hummingbird.Policy.Beta.sum": {
            "value": 0.004978922239999999,
            "min": 0.004978922239999999,
            "max": 0.004978922239999999,
            "count": 1
        }
    },
    "metadata": {
        "timer_format_version": "0.1.0",
        "start_time_seconds": "1678824993",
        "python_version": "3.8.16 (default, Mar  2 2023, 03:21:46) \n[GCC 11.2.0]",
        "command_line_arguments": "/home/corppet/anaconda3/envs/ml-agents-2.0/bin/mlagents-learn ./new_trainer_config.yaml --run-id hb_02",
        "mlagents_version": "0.30.0",
        "mlagents_envs_version": "0.30.0",
        "communication_protocol_version": "1.5.0",
        "pytorch_version": "1.8.1+cu102",
        "numpy_version": "1.21.2",
        "end_time_seconds": "1678825171"
    },
    "total": 178.07731781500115,
    "count": 1,
    "self": 0.009720338000988704,
    "children": {
        "run_training.setup": {
            "total": 0.01648384200052533,
            "count": 1,
            "self": 0.01648384200052533
        },
        "TrainerController.start_learning": {
            "total": 178.05111363499964,
            "count": 1,
            "self": 0.09270162301254459,
            "children": {
                "TrainerController._reset_env": {
                    "total": 13.867319815999508,
                    "count": 1,
                    "self": 13.867319815999508
                },
                "TrainerController.advance": {
                    "total": 163.90010575098677,
                    "count": 5171,
                    "self": 0.07492185108822014,
                    "children": {
                        "env_step": {
                            "total": 157.46211316900371,
                            "count": 5171,
                            "self": 147.70114021100017,
                            "children": {
                                "SubprocessEnvManager._take_step": {
                                    "total": 9.704047845007153,
                                    "count": 5171,
                                    "self": 0.3013877840421628,
                                    "children": {
                                        "TorchPolicy.evaluate": {
                                            "total": 9.40266006096499,
                                            "count": 5171,
                                            "self": 9.40266006096499
                                        }
                                    }
                                },
                                "workers": {
                                    "total": 0.05692511299639591,
                                    "count": 5170,
                                    "self": 0.0,
                                    "children": {
                                        "worker_root": {
                                            "total": 168.40803974005212,
                                            "count": 5170,
                                            "is_parallel": true,
                                            "self": 34.98199764498531,
                                            "children": {
                                                "run_training.setup": {
                                                    "total": 0.0,
                                                    "count": 0,
                                                    "is_parallel": true,
                                                    "self": 0.0,