{
    "name": "root",
    "metadata": {
        "timer_format_version": "0.1.0",
        "start_time_seconds": "1679419255",
        "python_version": "3.8.16 (default, Mar  2 2023, 03:21:46) \n[GCC 11.2.0]",
        "command_line_arguments": "/home/corppet/anaconda3/envs/ml-agents-2.0/bin/mlagents-learn ./new_trainer_config.yaml --run-id hb_02 --resume",
        "mlagents_version": "0.30.0",
        "mlagents_envs_version": "0.30.0",
        "communication_protocol_version": "1.5.0",
        "pytorch_version": "1.8.1+cu102",
        "numpy_version": "1.21.2",
        "end_time_seconds": "1679419390"
    },
    "total": 134.843742748,
    "count": 1,
    "self": 0.023668627999995806,
    "children": {
        "run_training.setup": {
            "total": 0.02927701200002275,
            "count": 1,
            "self": 0.02927701200002275
        },
        "TrainerController.start_learning": {
            "total": 134.790797108,
            "count": 1,
            "self": 0.022155696001789238,
            "children": {
                "TrainerController._reset_env": {
                    "total": 18.041322030000003,
                    "count": 1,
                    "self": 18.041322030000003
                },
                "TrainerController.advance": {
                    "total": 116.34852708199821,
                    "count": 1001,
                    "self": 0.01612654999814822,
                    "children": {
                        "env_step": {
                            "total": 115.80669149399938,
                            "count": 1001,
                            "self": 112.46997410300082,
                            "children": {
                                "SubprocessEnvManager._take_step": {
                                    "total": 3.325806500999363,
                                    "count": 1001,
                                    "self": 0.07848237399855407,
                                    "children": {
                                        "TorchPolicy.evaluate": {
                                            "total": 3.247324127000809,
                                            "count": 1001,
                                            "self": 3.247324127000809
                                        }
                                    }
                                },
                                "workers": {
                                    "total": 0.010910889999195206,
                                    "count": 1000,
                                    "self": 0.0,
                                    "children": {
                                        "worker_root": {
                                            "total": 50.926751277000335,
                                            "count": 1000,
                                            "is_parallel": true,
                                            "self": 23.120666522000363,
                                            "children": {
                                                "run_training.setup": {
                                                    "total": 0.0,
                                                    "count": 0,
                                                    "is_parallel": true,
                                                    "self": 0.0,
                                                    "children": {
                                                        "steps_from_proto": {
                                                            "total": 0.00096149000000878,
                                                            "count": 1,
                                                            "is_parallel": true,
                                                            "self": 0.0002911959999778446,
                                                            "children": {
                                                                "_process_rank_one_or_two_observation": {
                                                                    "total": 0.0006702940000309354,
                                                                    "count": 8,
                                                                    "is_parallel": true,
                                                                    "self": 0.0006702940000309354
                                                                }
                                                            }
                                                        },
                                                        "UnityEnvironment.step": {
                                                            "total": 0.10175411000000167,
                                                            "count": 1,
                                                            "is_parallel": true,
                                                            "self": 0.0027189050000515635,
                                                            "children": {
                                                                "UnityEnvironment._generate_step_input": {
                                                                    "total": 0.01709219200000689,
                                                                    "count": 1,
                                                                    "is_parallel": true,
                                                                    "self": 0.01709219200000689
                                                                },
                                                                "communicator.exchange": {
                                                                    "total": 0.07653323699997827,
                                                                    "count": 1,
                                                                    "is_parallel": true,
                                                                    "self": 0.07653323699997827
                                                                },
                                                                "steps_from_proto": {
                                                                    "total": 0.00540977599996495,
                                                                    "count": 1,
                                                                    "is_parallel": true,
                                                                    "self": 0.0010816690000297058,
                                                                    "children": {
                                                                        "_process_rank_one_or_two_observation": {
                                                                            "total": 0.004328106999935244,
                                                                            "count": 8,
                                                                            "is_parallel": true,
                                                                            "self": 0.004328106999935244
                                                                        }
                                                                    }
                                                                }
                                                            }
                                                        }
                                                    }
                                                },
                                                "UnityEnvironment.step": {
                                                    "total": 27.806084754999972,
                                                    "count": 999,
                                                    "is_parallel": true,
                                                    "self": 0.14769746499916891,